{
    "1": 0.0822581,
    "2": 0.0857143,
    "3": 0.1225806,
    "4": 0.1824561,
    "5": 0.2790323,
    "6": 0.3416667,
    "7": 0.3677419,
    "8": 0.3467742,
    "9": 0.2733333,
    "10": 0.1935484,
    "11": 0.1166667,
    "12": 0.0951613
}